user_id,timestamp,text,Class
bibimbapcouch,1601069940,"This past month has been super stressful. Last month, I (19F) found a small, \~2cm lump on my right breast, very close to my nipple. It's not visible, but it is palpable. There was slight pain that comes an goes, but that was about it. I did not hesitate and immediately scheduled an appointment to get it checked.  
My doctor gave me a physical breast exam and told me that ""it does not feel concerning"" because she could barely feel it herself. However, she still referred me to get an ultrasound since it was hurting.

A few days after my exam, the pain seemed to go away. Two weeks later, I had my ultrasound. I got my ultrasound results last week. In my ultrasound report, it stated that I had a ""hypoechoic mass with an irregular shape and irregular border 1.5x2.3x1.8, Bi-Rads 4A: Suspicious irregular abnormality, biopsy recommended."" Reading that, I immediately panicked and scheduled my biopsy right away.

The days leading up to my biopsy, I was super anxious. The words ""irregular"" ""suspicious"" and ""abnormal"" just clouded my mind so much. I kept thinking to myself, *what if I do have cancer?*

I had my biopsy a week after I got my results. I was super nervous about the procedure and how it was gonna feel. From stories that I read online, a lot of people said that there might be a little pain and pressure, but it's not that bad.

I just had my biopsy 2 days ago (9/23). Before my procedure, I asked the doctor about my ultrasound report and if it really looked suspicious. He replied, ""it was actually hard to tell what the lump looked like. Since you're young, you have very dense breasts, so it doesn't show up well on the ultrasound. because of that, we have to do a biopsy."" That response calmed me a bit, but I was also disappointed because I wish the report would have just said that the lump was hard to see, instead of all those scary words.

They did a core needle biopsy + guided ultrasound and it was way worse than I expected. They numbed me w/ local anesthesia, but it wasn't enough. It was super freakin painful and I was crying so much. Every time they turned the vacuum on, I would get shocked by this intense, sharp pain in my nipple. It was borderline torture. my biopsy was also quite long too. They had a hard time trying to collect good samples because my breasts were super dense and the lump kept moving around, so they tried to get several samples (i think they got about 12 samples).

After the biopsy was over, I laughed and cried in relief because that was the most painful procedure I've ever had.

My doctor also said that since they had a hard time getting samples, it might not be good enough for the pathologist to examine. So if that becomes the case, then I'll have to have surgery to get the lump removed and examined. And honestly, I think I would have much preferred that then the biopsy...

So now, it is 2 days after my biopsy and I am awaiting results, which should come within a week. I am extremely anxious. I have no family history of any cancer, but I have a hard time processing the possibility that I could have breast cancer at 19 years old. I know someone who was diagnosed with breast cancer when they were 22, and 19 and 22 aren't that big of an age difference.

I don't know... I am super scared. I will keep you updated soon.",0
ihy-org,1550983101,"i (18F) am experiencing breast cancer symptoms, on hormonal birth control, have a family history, and have a doctors appointment in about two weeks. 

my symptoms are: breast swelling, pain, possible new lumps(cant tell because of swelling and not doing breast exams often enough), and a rash that started on one nipple and is now on both. the only thing not explained by BC is the rash and the new lumps i cant tell if i have or not. 

what will happen at the doctors appointment? will they send me to a dermatologist for the rash? also any advice or insight is appreciated.",0
BitterAngryMei,1539088876,"Had my biopsy yesterday. Unfortunately with my birad score and the characteristics of the mass, it is more likely than not to be bad news.

So I was sitting here at work feeling sorry for myself, looking out the window, and what do I see but a rainbow. What a feeling I got. 

Keep your hope guys. There‚Äôs beauty out there waiting to punch you in the face.",1
hdhdjdshhs,1583212200,"I‚Äôm a 19 year old female, I DON‚ÄôT have breast cancer but I‚Äôd thought I should ask because me and my mum are a bit worried. 

A few days ago I felt a sharp shooting pain in my right breast, I have a feel and I can feel a pea sized lump. 
Breast cancer does run in the family so we‚Äôre definitely going to get a doctors appointment.

Has anyone had these symptoms? What symptoms do/did you have?",0
totalchunk,1601506006,34 yo and just given triple negative grade 3 diagnosis today. Small lumps in right breast and armpit. The breast lump is really painful which I‚Äôm told is unusual. I‚Äôm just really scared because I don‚Äôt know how bad it is yet because I‚Äôm waiting on further scans and I don‚Äôt know how to handle this really intense period of not knowing what I‚Äôm facing. Delaying chemo slightly to do egg harvesting as I got married last week and we had hoped to get trying for a baby but now that‚Äôs on hold üò¢,1
throwmeaway212223,1591998963,"My mother (53) was recently diagnosed with breast cancer and upon genetic testing it was discovered she had the BRCA1 mutation. Out of precaution, I (22F) got tested and found out I have the mutation as well. 

Needless to say, I am scared. In addition to my mom, both my grandmothers (maternal and paternal), two of my great grandmothers (both maternal), and one of my cousins on my moms side have all had breast cancer, so I‚Äôve been getting a yearly mammogram since I was 18. I‚Äôve already had two breast biopsies due to lumps appearing concerning on mammograms/ultrasounds (19 and 21). 

I know one of the best ways to take a stance against this mitigation is a preventative mastectomy, but given my age I feel most doctors will be wary of doing one. If any one has words of advice, I would greatly appreciate it. 

Take care, god bless. Much love to you all",0
MollyColumbus,1582669118,"Macquarie University has reported that writing therapy can help reduce breast cancer survivors‚Äô body image related distress by 30 per cent in just three months. In a study conducted this year by Professor Kerry Sherman from Macquarie‚Äôs Centre for Emotional Health and Department of Psychology, it was found that women who have a greater sense of self-compassion after a breast cancer diagnosis are less likely to experience anxiety and depression linked with body image concerns.   


Have you tried writing therapy after breast cancer?",0
BitterAngryMei,1540945490,"My lumpectomy and sentinal node biopsy is scheduled for November 9, a Friday. The following Monday is a work holiday, so that gives me a 3 day weekend to recover. My plan is to return to work on Tuesday. Am I being overly optimistic here? Should I plan for/warn my job of more time than that to recover??",0
maurakd,1592927656,"Hi- question in my title. Am I supposed to take it off? My surgeon said it would fall off at some point. I don‚Äôt want to rip it off as the area is still sore (is it normal that it‚Äôs still sore?) I can obviously put a call in, but surgeon is only in the office on Thursday. Thanks so much in advance.",1
lordthunderbuck,1541613356,"Hi, I‚Äôm a 20 year old female. When I was 14 I got a pain in my left breast. It was on and off for a few months then went away for years, now a few months ago I started getting the same pain again.. the exact same pain. It feels like a dull ache and sometimes a sharp pain that comes when I‚Äôm really stressed or really relaxed. I‚Äôm sort of a hypochondriac so my anxiety definitely amps up the pain.. I had a cervical cancer worry a few months ago and when I went to my gyno she tested me and it was nothing. Sorry I‚Äôm probably rambling..

I have absolutely no breast changes. Nothing with my nipples, no changes in size, the breast is not red, swollen or painful to the touch and no lumps. I have an appointment with my doctor soon, but I‚Äôm just wondering what you guys think..",0
BlueSeasSeizeMe,1555024584,"My mom (64) has an appointment tomorrow for mammogram/ultrasound/biopsy- she has all the classic symptoms of Inflammatory Breast Cancer that have onset rapidly.  I'm the only support she has for the most part, although I live in another state, and I'm going to the appointment with her.   I think its important she has a second set of ears, and this is all so ..... much.  

What are the questions I or she should be asking at this initial appointment?  I understand a definite diagnosis will come only with the biopsy results, but, tbh, I'm not hopeful that this is anything else.  

Thank you so much for your advice!",0
Cablesixback,1565103895,"Arrrggg!!!!  I‚Äôm 15 months post chemo and am still having chemo related side effects!!!  I hate it!
My nose runs constantly, yeah for two allergy pills every day to dry that up. And the two pills cause me to be super dry so I over hydrate so have to take salts and another pill!!!

Then my eye sight crashed. I have posterior subcapsular  cataracts!  Yeah! Losing my vision! Can‚Äôt read unless my glasses are off and my tablet is on HUGE letters. New glasses!  And the fix is new glasses until my glasses can‚Äôt fix it and then surgery.  (Glad that I was tipped off to get an eye exam every 5.5 months because my insurance will pay for new lenses if I go back and have a RX change in less than 6 months).  

And I hurt!!!  I hurt before cancer then the damn chemo and all the pills and shots and hormones to keep this at bay makes me feel so old. I‚Äôm always tired and hate it. I‚Äôm on more pills for that. 

And I was sent to counseling for my diagnosis. That‚Äôs fine. I know I need counseling and a safe place. Well the doctor I was sent to is not a safe place. In fact it‚Äôs a horrid place. And now it‚Äôs looped with my pain management so when I fire my doctor next week I‚Äôm firing my entire pain management team. Love this crap. 

I feel like I‚Äôm on a stupid hamster wheel and can‚Äôt get off. Just going around and around and around waiting for the next problem to crop up. And since I won‚Äôt have pain management until I can get someone, anyone to help it‚Äôs just going to suck now. 

Off to my wonderful lymphodema therapist because they took out 35 lymph nodes for my surgery and I‚Äôm puffy...",1
novella64,1595164329,"My mum passed away last year at 54 she had a 10year battle with breast cancer. She was the strongest person i know, she never let it get in the way. She continued working, was an exec of a national of bank. She had an incredible fighting spirit. She had the surgery, chemo, radiation, therapy multiple seasons of remissions and then it would show up elsewhere. In her last year when she got the stage 4 diagnosis we later found out that she hid it from us, i also had my wedding coming up and i guess she wanted us to just make it through. She passed on two months after the wedding. I have been struggling with understanding why she didnt tell us yet she had been very forth coming about everything from the start of the journey and i felt bad for focusing on the wedding not realizing time wasnt on our side . So i thought maybe someone could give me some insight from people actually going through and fighting through this ! Thank you in advance for your comments",0
Green_boots17,1520541038,"Hello, I am new here so sorry if I am doing this wrong.

I'm looking for comfort, advice and guidance.

Back in 2013, my mum was diagnosed with breast cancer, shortly before her 50th birthday. She had a mastectomy and started chemo. She was given the all clear the following year.

Then, in early 2016, she was diagnosed with a different type of breast cancer. She had another mastectomy and started hormonal treatment. 

2016 was a bad year for her. She had a lot of pain in her ribs and I kept taking her to A&amp;E and they fobbed her off each time saying it is probably from coughing. She ended up with a kidney infection and was hospitalised. When she was released the doctor told her that her kidney was clear and nothing else was wrong. The rib pain persisted throughout the year and in January 2017 she had scans after complaining for so long. The results were not welcome. She now had metastatic cancer in her ribs and spine and there were unknown masses in her lungs, liver, kidney and spleen. She started more treatment (radiotherapy) and things seemed to be going okay. The masses in her organs and spine disappeared, the ribs stopped growing. Toward the end of 2017, she started getting pain in her hip but thought it felt muscular, rather than bone pain. 

Two weeks ago, the pain became a lot worse and she fell over at work because of it. She had scans as they thought she may have broken something. This was not the case. We had the results today and the cancer has spread. Now it's in her hips, the ribs has spread and it is back in her lungs. We found this out today.

She started a new injection today, which was only approved by medical boards last month in the UK. We have to wait three months for a new scan to see if it is helping. If not, then back to chemo we go.

I am at an absolute loss of what to do, how to feel or what to think.

She is my best friend. The reality that I might lose her in the near future has hit me hard and it feels like my world is crashing around me.

What can I do to make her feel more comfortable / brighten her days? What do I say? How do I cope? 

I'm sorry for the essay. I don't feel like I can talk to someone in my real life. Saying it out loud is so final.",0
rootaspirations,1524726559,Had anyone here used or know someone who used Tamoxifen to cure/reduce their breast cancer? The Dr. just recommended it to shrink a stage 2 tumor and then to extract it for my best friend. I'm trying to gather some more information to help her out and to feel more comfortable. Thanks so much for any replies.,0
foryourbreast,1590857156,"Prompted to write this post u/mayonnaisemonarchy, which told how emotionally difficult it is for people with cancer to be asked to diagnose it in healthy people. In fact, this is a big problem for all of humanity - we are used to asking advice from people who can not help us due to lack of knowledge and skills, but whom we consider to be authorities for some reason. And professionals are often considered only from the point of view of Commerce-ha, if I ask the doctor, he will roll out a bill for 100 dollars, if I go to a specialized service, I will get a bill for minor repairs to my car for 150 dollars, and so on. In my first post on Reddit, I talked about creating a portable breast scanner that, thanks to bioimpedance, can accurately squeak whether you need to panic or not. The project is still in development, but if you want to participate in trial testing, you can leave requests on the site [https://www.portativebreastscanner.com/](https://www.portativebreastscanner.com/)

Together, let's create a unique gadget that will not only help save lives, but also save people with such a strong emotional load from wasting time on diagnostic manipulations.

What do you say to that?",0
jammycat5000,1601167700,"Hi all, I super appreciate this group and glad I found it. I also was diagnosed with MS this year and that grouo had been awesome.  Yeah...double whammy!! Anyhow,  so far I'm stage 1, invasive...i don't know all the rest will be some of my questions.  I meet Monday with oncologist, radiology and surgeon. So looking for any tips, I have list of questions printed from somewhere, but any input what people found helpful or wish they asked?? Seeking advice, feedback... anything!! 
Thanks in advance warrior sisters!!! My heroes!!!‚ù§",0
Elgammmo,1495395196,[https://twitter.com/breastadvocate/status/866294865671409664](https://twitter.com/breastadvocate/status/866294865671409664),0
paranoidaf01,1525867412,"I am 16 years old, birthday is in two months. Around 2 years old my mum was diagnosed with breast cancer. It was a very tuff and stressful year for myself, my two siblings, my dad and all of our close family and friends, but we managed and she survived a category 5 breast cancer - both boobs removed due to cancer almost about to break through into the rest of her body and due to the fact her breast cancer was so close to her lungs, heart, throat ect they had to go. Two years later she is cancer free, but I don‚Äôt feel like our family is fully cancer free just yet. A few days ago I was at my boyfriends getting changed when I noticed my right boob was in pain so I checked out my boob to see it was leaking clear fluid, after a few wtf moments I squeezed it and then came out milky fluid ....(I‚Äôm on birth control too- implant aka the bar) ... my boob decided it was gonna leak for two days and so did my pain but when the leaking stopped my boob became much more pain full. As usual I told my mum she checked for lump but found nothing. The night after I checked because I was in way to much pain, I did it probably, right arm over my head and checked, within a few seconds I found a small lump that every time I pressed on it would aggravate the heck out of my boob and would lead me to tears. I told mum she checked but she couldn‚Äôt feel it, as I said it hurt if too much pressure was pressed on it but she wasnt pressing hard enough to be able to find it. I know I wasn‚Äôt going crazy and was just feeling my tissue, it was just a lump- hard and very hurt full. All day I‚Äôve had to worst anxiety as I did my research to find I have a high chance at being at risk of it because it‚Äôs direct into my family jeans, as well as I‚Äôve had a good 10 or more family members died from it since I was born so it‚Äôs just a family thing I guess. My boob is constantly hurting, I feel like I‚Äôm going to be sick or even faint at some point. I tried to see a doctor but they were closing. I‚Äôm in the group on Facebook called girls advice and I said I was in pain but they only took into consideration that my boob was leaking and how I‚Äôm pregnant and them being very rude towards me saying ‚Äúyou have a brain you silly girl, so f***ing use it and get a test‚Äù so they didn‚Äôt help but I need answers, please someone help me I‚Äôm in so much pain....

My breast have stopped growing- as a matter of fact they seem to be getting smaller - due to me loose all this weight so I know it couldn‚Äôt be development problems or could it just be that?? 

Pain is only in bottom/right side of my right boob.",0
CYBER--BABE,1498756393,"I've looked online for symptoms of breast cancer and one of them was red marks. I told and had shown my mom that there's some weird red going on in both breasts but a little more  red on my left. It's kind of a light sausage red pattern...
She said that it could be because I don't wash my bras weekly and it could be the detergent maybe. Thing is, I have had this for quite a while. 
She said that we'll try different things and that she could take me to the doctor if it doesn't go away.


I've been looking for cancer example pictures of redness to the breasts, but I can't find anything but illustrations...

If you find example pictures from the web, please show me.
Or I might as well post my chest to see if people will give me an educated opinion.",0
akashinga,1537890226,"Has anyone had a CT-guided core needle biopsy of their hip bone? They're suspecting metastasis so this is the next step in the diagnostic stage (X-ray; MRI; PET/CT; biopsy of C4 - I feel like a lab rat...). And I've had flu all the while üòî
I've missed so much work I'm not sure how long I need to factor in for recovery from this hip bone biopsy - any advice? P.s. I'm a complete ninny with pain...",0
peacelovecraftbeer,1497798895,"I have a palm sized pale red blotch that is slightly raised on the top/inside of my right breast. It is EXTREMELY itchy. I really don't think it is any kind of contact rash, I haven't changed any soaps or detergents, and I'm not wearing any new clothes. I also haven't changed my diet or anything else. Thing is, this is the third time in the same spot. It lasted for a week or two the previously, and will be gone for a couple months after. No lifestyle changes previously either. It just came back a few days ago, and is so unbelievably itchy. Anti-itch creams not really helping. No nipple involvement. Is it possible for IBC symptoms to wax &amp; wane? Other ideas on what it could be?",0
Jillian1116,1527279425,"Hi!

My friend had her 30th birthday and 5 year breast cancer anniversary in the same week. She had a celebration that I was unable to attend, but I'd like to get her something special to recognize all that she has been through or maybe even write her a letter. However, I know that sometimes people who have never gone through anything like this (me, for example) can unintentionally offend or send wrong messages. What are some things that I should or should not give/say? Should I just use my common sense?

As a point of reference - I've become close with her after she had cancer. I wasn't there with her from the beginning. Thank you for any help or advice.",0
mominapan,1567934989,"First and foremost I‚Äôm sorry to all of the women that have to undergo all of this.  I am a male and I am a significant supporter of all of you.  We received devastating news in our family for my older sister.  Another female with breast cancer. 
- Family history got our Grandmother in the 70‚Äôs,  Left breast removal unsure what kind of cancer she survived.  Killed Mom at 51 started in left breast 7 years on and off.  Aunt same side of family survived. 
- She was not positive for BRCA gene and very diligent on her mammograms since her20‚Äôs.
-  Detection came with a tiny lump in her left breast.  Minor inflammation viewable in scans for her lymph nodes unknown impact until surgery. 
- Long treatment ahead doxorubicin+chemo, wait four weeks, double mastectomy, weekly taxol, direct radiation and we wait.   There are several other things which I can‚Äôt recount.  

Why I‚Äôm posting this:
 - Hope there are survivors out there with positive stories.  HER2+ as I understand is pretty serious.  
- Ideas around nausea she‚Äôs been able to be prescribed a medicine and patch which helps but I think is making her very tired.  Open to alternative ideas like CBD etc?
-  Ideas I can give her about support?  We‚Äôre not a religious or positive affirmation type of family.  She‚Äôs keeping it very to herself not social media-ing her journey type.",0
wearafuckingmask,1594776196,"I'm pre menopausal and have triple positive, stage 1, grade 3 BC. I'm done with chemo and surgery and it's on to hormone therapy and this is the combo oncology recommended. She said the studies show it's more successful than Tamoxifen in cases like mine. The side effects seems brutal. Anyone have any insight?",1
Christinarose88,1602283688,"To sum up what happened to me, about 6 months ago I went in to get an ultrasound of a mass I had in my breast for a few years. I am 20, and I had this mass since I was about 16. For my yearly checkup at my pediatrician, they would always tell me to not worry about it and it was probably a cyst. Fast forward to when I go in to my OBGYN in around february, they are much more concerned and tell me to get an appt. with the imaging center asap.  After the ultrasound we found a 4.5 cm sclerosing mass that looked really nasty on the ultrasound, with a lot of blood flow. (They rated it BI-RADS 4b). Then they got me in for a emergency biopsy within the week. Before the biopsy, they also sent me to a cancer institute and I am also a patient there with a great oncologist (even though I hadn't been diagnosed with cancer). After the core needle biopsy I was told it was a massive sclerosing intraductal papilloma with some atypical features. They recommended I get it removed immediately. So, fast forward to today, I had my 6 month post op (from lumpectomy) with my oncologist. She said she talked to the radiologist and they agreed I should have a check up ultrasound. So now, only 6 months after the removal of the massive papilloma, I have 3 new cysts, (1 is complex) and a new mass about 1cm. They told me to wait 6 months for another ultrasound to see where everything is at. But, I don't know if i feel comfortable with that? I talked to the radiologist and oncologist who both said thats standard protocol. (which i know it is). But, in my case, im only 20 and already had a very odd tumor and now these 4 abnormalities grew in less than 6 months from surgery... The new mass was rated BI-RADS 3.. which i know standard protocol is to re image in 6 months. Should I just wait? Should I push for a biopsy sooner? I'm just nervous and unsure what to do :(",0
stressed2020,1599663114,"Wife had lumpectomy last week.  During the mri prior to the lumpectomy they found an additional mass that the original mammogram and follow up mammogram missed, and some calcifications which they did not think were cancerous. They proceeded with the lumpectomy and removed the original mass that was biopsied, the additional mass, and the calcifications. Both masses came back as invasive, calcification came back as dcis.  They also said that due to the additional things they removed coming back as cancerous that they do not think they got it all. They are giving her the option of going back in to remove more, or have a mastectomy. She feels lost.  She asked my opinion and i told her i'd go full mastectomy but i'd support whatever she wanted to do and that i love her, not her breasts. Has anybody been through this, what did you opt for?

Good news is lymph nodes showed no signs of cancer.",0
liog2step,1551314644,"I‚Äôve been reading through some old posts on here about peoples experiences with Tamoxifen and I was looking for some insight. I‚Äôve been on Tamoxifen for about a year- I had a short period of hot flashes but they seemed to go away. I do get tired way more easily than I used to but the biggest issue I‚Äôve had is with my depression. Prior to starting the Tamoxifen I was on Prozac (after years of trial and error). I was switched off of that due to interactions - during that process in August I felt mentally worse than I ever had. On the verge of crying all the time, depressed, and absolutely no interest in anything. I was switched back to Lexapro that I had taken before and things eventually evened out and I was back to normal. Now I‚Äôm feeling awful again. Same things- verge of crying, no interest in anything, etc. Is this all the Tamoxifen or my preexisting anxiety/depression. I am not sure which drug needs to be adjusted and I‚Äôm so frustrated.  I can‚Äôt get a therapist or psychiatrist to call me back and I just want to feel like myself again. ",1
nhi_lam4313,1572549407,"Hello everyone, my name is Nicole and I found out my mom has Stage 0 breast cancer in August. She had a lumpectomy two weeks ago and when we went to her follow up yesterday, her doctor mentioned Radiation. She told us that without radiation, her cancer can come back 20% but if does decide to do radiation, it will decrease to 6%. She has an appointment with her oncologist next week to discuss her options but she already made up her mind not to do any radiation. 
I am kind of worried about her decision. I just want the best for her and I don‚Äôt want anything to happen to her. I was wondering if I can get some opinions and or past experiences. I think her biggest fear is her body becoming too weak from radiation. 
We were very lucky to find out during the early stages. I‚Äôve read many stories in this community and I can‚Äôt image what everyone and their family/friends have been through. I hope everyone the best of luck.",0
goingon50,1593805598,"Hi 
Did anyone experience breast tissue left behind after mastectomy. I am curious as I have been experiencing pain in my reconstructed breasts just before my periods. It lasts for a week or 2. Is this because of tissue left behind? 
Also, I am premenopausal and still undecided about Tamoxifen. Any advice as my oncologist suggests that this will drop estrogen esp if any residual tissue is present. I have done MRI but not conclusive. Its been a year and half now since the mastectomy and reconstruction.
Thank you.",1
TransportThestral,1599844983,"Hey everyone. I was trying to find more studies/information on the efficacy of kadcyla for NON metastatic breast cancer. Did anyone find information that was super helpful when deciding whether or not to pursue it? 

I had multifocal tumors, treated with 6 cycles of TC and receiving HP. I had my mastectomy last month, clear margins, but still had 1.5cm mass in the removed tissue. Oncologist is talking about switching me to kadcyla, but I'm distrustful of such a new medication, especially one that hasn't been studied on non metastatic patients. I'm not sure if the risks are going to outweigh the benefits for me.

Thanks for your thoughts.",1
bendyfan42069,1598835238,My mom got diagnosed with breast cancer 4 months ago and this Friday is going to be her last day of chemo! And she will be ready for surgery after a while but.... She is advised to take radiation to make sure it doesn't come back should she?,0
love-the-storms,1596506440,"I have a mastectomy scheduled in the morning and am so scared. ‚ÄúChemo brain‚Äù has affected me so bad; that on the last visit with my surgeon, I could only think of one question to ask. Of course after I left, the questions hit me like crazy! 

The hospital I‚Äôm going to is very strict with it‚Äôs Covid-19 procedures. The one question I had asked the surgeon was about the Coronavirus. They have zero patients with the virus. That eases my mind quite a bit but I‚Äôm still concerned. 

Can any of you tell me what to expect after my surgery? I‚Äôm told that if I have no problems or issues, they may send me home the same day. I don‚Äôt understand that at all!

I realize that no two surgeries are alike and the healing process is different for everybody. Guess I‚Äôm looking for the ‚Äúcheat codes‚Äù to get through this ordeal. What helps ease the pain? What makes the pain worse? Is the surgery spot hard to keep clean? What is the best sleeping position? 

Right now, I‚Äôm more concerned with the surgery and getting through the days that follow. My mind is also very preoccupied with the mental aspect of losing a breast. I have so many things rushing through my mind and I‚Äôm scared of it all. For the time being, I want to focus only on the surgery and the immediate days following.  I honestly don‚Äôt want to think about the mental side of things. I just don‚Äôt want to deal it right now.",1
thatnorthafricangirl,1594419362,"In the past few days, I have been dealing with some anxiety because my left breast feels sore,  tender, and heavy. I don't feel any lumps but I do have a tiny bump on my areola - which has been there for a while now. I'm really scared to go to the doctor, probably because I don't want to receive bad news. And so, because of my lack of (visible) symptoms, I wonder what moved you to go to the doctor.",0
tessa1hope,1544937748,"Hi everyone! I‚Äôm new here, unfortunately. I went in for a breast exam a few days ago (it was my first one. I‚Äôm only 22) and my doctor seemed very concerned. She said that I have very dense breasts and that she needs me to go to get an ultrasound immediately. Unfortunately, the hospital she wanted me to go to is the biggest in my state and I have to wait a couple days until I can go in. My doctor fears me having IBC. 

I‚Äôm very nervous about this ultrasound. My mom doesn‚Äôt know how serious this could be. I downplayed it A LOT so she wouldn‚Äôt get worried. Her mother passed away from BC at a very young age so it‚Äôs too close to home for her. 

Anyway, how long after the ultrasound will I get results/know if I need a biopsy. Everyone on this page keeps saying how waiting is the hardest part - I believe it. What were your experiences like with ultrasounds and how long did it take to hear anything back? Thank you so much and sending hugs and love to you all!",0
stressed2020,1597621182,"Hi all. Hopefully its ok to ask this here. My wife just found out yesterday that she has breast cancer. All we've been told so far is that its very early stage and we'll get a full report Monday. I'm hoping that some of you may give me some information on what your caregivers did that helped you or what you wish they did that could have helped you more. 

So far, I've started a log of appointments, doctors names, dates, outcomes, insurance info so we have it readily available. I've put together a list of questions that we should probably ask during appointments. I've started the process at my work of what i need to do to make sure that I can attend all appointments and take time off for whatever treatment may be necessary. Of course there is emotional support and whatever i can do at home/ease at her work while she is working. I've offered to make the needed phone calls to immediate family once we find out what the plan is so she doesn't have to deal with it.  Is there anything that your so's/caregivers did that you really appreciated or anything that you wish they did? Any supplies/stuff to look into that i can have at the ready for her. I don't know the treatment plan yet, but like to get a head start. Sorry for rambling...",0
indygirll,1562167028,"This is my first post ever on Reddit. Hope I'm following the guidelines. Anyway, I'm 61 years young and I'm having a stereotactic biopsy on this coming Friday. I'm not really worried about the results. I've always had thick dense breasts. But I am really worried about the procedure itself. I'm not a punk when it comes to pain but for some reason I start hyperventilating every time I think about this. Is there anyone that has had this done and is willing to share your experience? Thanks in advance.",0
camille_gelb,1572101362,"hi, i‚Äôm a 19 year old girl. last two months ago i happened to have found two lumps on my right breast. today i had it checked, those two lumps combined into one lump and now it‚Äôs bigger. i‚Äôm having it removed next month. could it be cancerous? i‚Äôm super scared because i really want to finish off this semester without distractions. what do you girls think it is? please help and thanks ‚ù§Ô∏è‚ù§Ô∏è‚ù§Ô∏è",0
lovemilly4,1562723041,"I‚Äôm not very familiar with breast cancer. She has Stage 0 DCIS. I‚Äôve read the 5 year survival rate is 93% and I know she‚Äôs a very strong woman, but I‚Äôm very scared.",0
snowcone227,1590631370,"So I felt a lump on my breast. It was on the lower right of my left breast. Sometimes it takes time for me to find the lump and because I had the doctor waiting on me, I fear I accidentally didn‚Äôt show the correct area of the lump I‚Äôm concerned about and maybe showed her the lump that all breast gave. She did say she doesn‚Äôt see anything on the ultrasound but I still wanna second opinion cause I‚Äôm paranoid.

Do you think I‚Äôm most likely ok?",0
ConsultColleen,1562639625,‚ÄúSurviving Breast Cancer‚Äù by Consult Colleen https://link.medium.com/900PDqWFaY,0
littlesnailworkshop,1591201576,[https://liyfeclinic.com/](https://liyfeclinic.com/),0
aaronpppppp,1550712925,"Hi - sorry for the long questions.  I appreciate any info at all you want to share, thank you all.  

All secondhand so sorry if some of this doesn't make sense.  My friend was diagnosed with metastatic rapid spread breast cancer, a lump the size of maybe a plum and also cancer in her jawbone - she ignored pain for a long time.  She's was doing chemo and radiation on jaw, and now just chemo for the last few months which is was precursor to breast removal and I believe some chest muscle.  That was about 6 months ago.  The latest scans now came back with cancer on liver, chest wall/lungs and spine and doctors will be introducing a new chemo drug for a monthly treatment.

So I've read about life expectancy for this scenario to be  something around 20% over 5 years, and that this diagnosis means basically a life time of checkups, relapses, treatment, set backs, etc.  I understand this and also never waver in being positive with her in that she will beat this.    She never wants to ask prognosis questions with her DRs and I never share what I read even though she understands how serious it is.  I never attend visits with DRs. This is info I will never share with her unless she asks.   I know it's not a fair question of you and guesswork.  But what I am  asking is in your experience in what you went through or your family did, how bad is it honestly with that second cancer discovery with spine, liver and lungs/chest.  That sounds extremely bad to me. Please share anything you can and sorry if I brought up painful memories.  Thank you",0
mekana47,1590524943,I need advice for dealing with provincial government bureaucracy. My AISH application denial appeal is scheduled for July 2. I guess they hope I'll just curl up and die by then so they won't have to help me. I haven't been this frustrated/angry/disappointed in a long time.,0
hausholder,1599939781,"My mom (51F) was just diagnosed with breast cancer. Stage 0 DCIS. We are still learning treatment options, but I don‚Äôt even know what to say to her. As an adult child, I am feeling a rapid shift in our relationship in terms of who is caring for whom. How do you support someone who is just diagnosed? What do you wish people had said (or NOT said) to you in early days when everything seems uncertain?",0
Beautiful_Midnight88,1552765623,"My main question is whether it is normal for the lymph nodes to be scanned and photographed during an ultrasound looking at a suspicious area after a routine mammogram screening? I'm also wondering if there is anything else about my ultrasound that might raise suspicion. At the moment, I am probably needlessly anxious because I don't feel I have enough knowledge to properly assess the situation. Google is fully providing the information I am looking for.

Some background: I am 30F. My mother's side (French Canadian) has a history of breast cancer, but so far, no gene defect has been found. My mom has 3 sisters. My grandmother (70s), Aunt 2 (48 pre-menopause), Aunt 3 (55) and Aunt 1's daughter, my cousin (40), have all had breast cancer, as well as two of my mom's cousin. I recently saw a genetic counselor, and based on my cousin's age at diagnosis, she recommended I start getting yearly mammograms now. 

I went for my first mammogram on Friday, March 8. When I was called in by the  technician, she asked me all types of questions, including who recommended I get a mammogram. She told me ultrasounds were better at my age because the breasts are so dense. She also told me that I might get a call to come back for further testing before the mammogram was done.

The following Monday, I got a call from the imaging center asking me to schedule a follow up ultrasound. I was not told why, nor did I ask. It worried me a little, but I figured my breasts were just too dense, like the first technician said, so they were playing it safe. The ultrasound was booked for 4 days later.

Yesterday, I went to my appointment. I went in convinced it was just a further routing screening that would probably show nothing. They accidentally skipped me, and my son had an appointment I had to take him to later that afternoon, so it may have been a little rushed. She gave me the gown and left me in the ultrasound room to undress. After I lied down, she I told me it was just for my left breast. I began to worry a little because I was expecting a full scan. I have since read that one breast can be more dense than the other, so perhaps that was the case.

The ultrasound technician started on the top, where she did not take any pictures. Finally, when she got to the bottom of my breast, she started taking pictures. She took many at different angles, beginning with pushing it upwards right against my ribs. She seemed to be aiming at a specific spot. So now I'm thinking there was probably a suspicious area or mass, which I have also read is quite common and usually benign. But at this point during the exam, I start to think the worst.

She then had me turn on my side and took some more pictures of the same area. After that, she began taking pictures more in my armpit. I know that's where they would check lymph nodes, and I know if lymph nodes are involved, the breast cancer would be more progressed. At the time I took this to be very bad. After that she left the room to allow me to get dressed. I quickly looked at the computer screen, which was not visible to me during the exam. I could see that she took 24 pictures, and the last three, which I assume would of been of the lymph nodes, were still displayed. The second last picture had a box around something. I can't remember if there was a visible circular band, but I do know it was white and squiggly.

I left without being told anything. I assume the results will go back to my family doctor, and then they will call me if there is anything to discuss. Unfortunately, the ultrasound was performed on a Friday afternoon, so I wont hear anything until Monday at the very least. I have since felt my left breast from every angle trying to figure out what they were looking at. The problem I have always had with self checking is that I have large breasts and it always feels like there are multiple lumps and areas with substantial tissue. I could find something in the area, but how do I know that isn't just one of my normal lumps? 

To anyone who took the time to read the above novel and provides feedback, you have my utmost gratitude!",0
EveryNameIsTaken314,1578380375,"So, in grade 6, I had gotten my breast cancer shot. Soon after that, I started feeling something in my chest, and I chalked it up to a coincidence, and just told myself that is what they are supposed to feel like. As I've grown up (now graduated), the bumps are the size of a small mandarin orange, but they are exactly the same on both sides, and when I pinch them, it isn't hard, per se, but feels like thick fibres. 

I am absolutely terrified of the doctors, and last time I went (for lower belly pain), they made me take a pregnancy test even after I told them I've never done it. After it came back negative, they told me that they don't know what is wrong, and so I left without learning anything. Now I don't trust them to actually help me, and Google is terrible for this type of question. (I live in a pretty rural area, and it's hard to find a good doctor)

Thanks, and if there is anything else I could let y'all know, please ask me.

I don't know my family history, as I was adopted, and they don't cause me pain, and I don't know if this means anything, but I only wear sports bras/ binders due to some body dysmorphia.

I'm really stressing here.",1
coozitup2018,1601931081,"Forgive me for this first part but I want to give a clear picture of the relationship. My (28M) sister-in-law's (28F) mom (60F) just got diagnosed with stage 3 cancer. My fiance and I are sending them a save the date for our wedding next year and wanted to write a little note to the family to tell them we are thinking of them. Rather then saying ""if you need anything please reach out"", I wanted to purchase something for them that could help over the next couple months. I was thinking of a gift card to some meal delivery service or something of the sort. I was wondering if you had any good suggestions/insights as to what sort of gifts are the most useful for when someone starts chemo? Thanks so much for any sort of ideas or recommendations!!",0
imacatsrsly,1591796911,"Hey everyone. I posted a while ago about surgery coming up. I'm having difficulty deciding what to do. My surgical oncologist and plastic surgeon are both pushing for me to only have one breast done.

Here's the scoop... No genetic high risk. Stage 3 IDC on right side with one lymph node involved. Because of the multiple spread out lesions I will need to have a skin sparing mastectomy on the right side (will lose my nipple) with reconstruction. Nothing NEEDS to be done with the left side medically.

I am very concerned with symmetry of my breasts and am leaning towards having both done. Also I am afraid I will worry about developing cancer in the other breast, even though doctors have assured me that I'm not ""at an increased risk"" for that.

The plastic surgeon also said that they could do a small implant on the good side down the road but it wouldn't be a complete match and having an implant makes it harder to screen for cancer via mammogram. Soooo why not just get it all removed then?

Just fyi I don't care about losing the sensation of the nipple or breast. I know a lot of women experience some sexual dysfunction with that but it's something I have never cared about and will not miss. I'm more concerned with the appearance and symmetry of my breasts.

As I said I'm leaving towards just having a bilateral mastectomy with reconstruction but I can't help but feel like I'm dumb for doing so.



So I'm looking to you for advice. Has anyone just opted to have both done and are happy with it? Has anyone only had one done and were happy with it? Has anyone regretted having both or one done?

I need to decide by the end of this week üòî",0
egupaisen,1587526405,I've only noticed i've had an inverted nipple since 14 maybe and I'm pretty sure I havent had them since birth... I'm turning 17 in August and there's no lump or anything.. should I be concerned or is that a normal thing ?,0
Kootenaygirl86,1596441955,"So where do I begin , I noticed some changes in my breast and felt a small lump inside my left breast , I went for a mammogram  05/07/19 and they said I have B scattered fibrograndular tissue , bi-rads 2 benign , no discrete mass significant architectural distortion or suspicious microcalcifications demonstrated.  They recommended I go for a yearly mammogram and I am due for one again soon here which is good because my left breast seems to have grown a bit more and is still sore on and off and the lump to me feels bigger in size... and one thing that is freaking me out is the fact that when I squeeze my breast this clearish type discharge comes out and I have had a hysterectomy so I am not pregnant .. it is only coming out of one breast and I do have a video that I could post and some photos if anyone is willing to maybe help me out ? I just don‚Äôt want to go to the doctor for something I shouldn‚Äôt even worry about ... thank you üôèüèª",0
ykskky,1596368278,"Hi everyone,

I'm 28 years old and at the beginning of july i found a small lump on my left breast went to the doctor and a week later i was told i had breast cancer. I just came back from the hospital where i had a direct to implant surgery and i am now recovering before starting treatment and i really dont know what to expect.

My breast weren't really big so i never used a bra, also never considered getting implants for cosmetic reasons and now i feel weird with this implants and i'm scared they will look fcked up, haven't slept properly for a week now and i didn't give much thought yet to the idea of losing my hair because I have it up to my but and it is one of the things i like the most when i see myself in the mirror, so i just sush myself inside when start to think about th
is cause i know it will be so hard.

Im grateful this was detected soon enough, to have my family support, and that it hasn't spread, but it still feels really lonely and scary.

anyways vent finished thanks for reading and much love to you all",1
CissyTraveler,1598449499,"&amp;#x200B;

[At the Stefanie Spielman Breast Cancer Center](https://preview.redd.it/rs1l2lidpcj51.jpg?width=2048&amp;format=pjpg&amp;auto=webp&amp;s=6e8f0c6e7ed5b96cd784416dc0e8eb0f8ba3c1f1)",0
blu-ram27,1600314240,My mom just started Doxil today and it‚Äôs her first time to do IV chemo. She has metastatic breast cancer with some lesions in her lungs and liver. Does anyone here have any experience with the drug and perhaps any idea on progression free survival?,0
ElectricRevolution22,1547646783,My dad is the youngest of five children (all female except him) my dad lost his mom when he was 4 years old. My Aunt passed away in 2006 from breast cancer. This past year my other aunt was diagnosed with breast cancer. These are my dad‚Äôs sisters. I‚Äôm wondering what my chances are to get breast/ovarian cancer. I‚Äôm only 31. My cousin who‚Äôs mother passed away has been trying to get genetic testing and has no luck. She‚Äôs being told that if our aunt is positive for the gene then they will test her. So I guess my question is what are the chances my father would pass the gene on to me? I know that men can get breast cancer I just want to know what I should do. I want to be proactive as possible. Thanks for reading this post,0
Greasy_Mandingo,1532266566,"From what I understand my mom (42) had a lump in her breast. It seems to be attached, painless, and hard. I've heard these are all bad precursors. She described it as oblong and kind of ""fingery""? (I think has fibrous tissue coming off it?) 

She has had the MRI, some other screenings, now she is waiting on the results of her Biopsy. I may be getting ahead of myself but I just feel helpless if I'm not accumulating more information. 

So my question is (I'll edit in more specifics as I find them out) are the characteristics of the lump pretty definitive that it's not a cyst or fibroadenoma? Does the fact that its attached or ""fingery"" mean it's more likely to have spread? Would there be other symptoms or signs if she had more advanced breast cancer? 

I really appreciate any information, other stories I have read on here seem mostly hopeful and I appreciate so much that you share your stories and experiences.",0
wearafuckingmask,1594414695,Four months of chemo and a double mastectomy later and I received the pathology report from surgery. Complete surgical response. Nothing left.  Tomorrow is my birthday and I don't know that I'll ever receive a better gift. Hugs to all my sisters going through this horrible disease.,1
Jackwhitehead01,1488758427,"I'll be fundraising for Cancer Research UK, I am going to shave off all of my hair and go completely bald. Cancer is an illness that affects so many people and their families. In my own family my aunt was diagnosed with breast cancer last December so we know first hand how hard hitting and indiscriminating cancer can be. I want to do this fundraising to show my support for my aunt as she goes through her treatment and to help others in similar situations. If you would very kindly like to donate please follow the link to my donation page below.

https://www.justgiving.com/fundraising/Jack-Whitehead1",0
ohnoaduck,1552510872,"I don‚Äôt know if I should even be posting but I‚Äôm terrified. 

I found a lump in my breast. It‚Äôs hard and it‚Äôs deep. In October I had weird discharge from my nipple for a few weeks and I ignored it. I have a history of breast cancer in my family (aunt has had it twice, grandmother has had it, cousins have strong indicators from gene testing they had done. I don‚Äôt know about my mother‚Äôs side. As far as I know most of the women on my dads side have had it or are high risk) 

I have a GP appointment on Friday morning to get it looked at. I‚Äôm really struggling not to freak out about it. Everyone keeps just saying ‚Äúit‚Äôs probably a cyst‚Äù and moving on. I just want someone to say it‚Äôs okay to be scared and listen to me. ",0
gsanford1,1593812859,"Did you know that your risk for cancer (and your path to healing) is connected to the health of your gut microbiome and your metabolism?  Did you realize that immunosuppressive drugs put you at an increased risk for cancer?  Learn more about why Dr. Nasha calls gut dysbiosis, inflammation, and poor immune function the ""cancer trifecta"" and hear recommendations on how to deal with a caner diagnosis on the most recent episode of the Perfect Stool podcast with host Lindsey Parsons, EdD at: [https://link.chtbl.com/theperfectstool-Reddit](https://link.chtbl.com/theperfectstool-Reddit)

https://reddit.com/link/hkrnkt/video/s31f4fidqp851/player",0
wearafuckingmask,1597607141,"I was flying through treatment and everything was looking good. Chemo, BMX no prob. Complete surgical response.  Perfect.  About to start a new job and finally feeling human. And then tissue expander cellulitis hits. 4.5 days in the hospital, then sent home on antibiotics. I'll find out Tuesday if I need the expander exchanged. It's cosmetic and totally not a big deal in the grand scheme of things.... but man alive I'm tired of this. Tired of meds and doctors and procedures.  Ready for some sense of normalcy. 

Rant over.",1
themostacceptable,1597296391,"I've been on it for just 47 days. At 39 days I started experiencing some pain in my lower abdomen. I spent most of yesterday in the ER because it got severe enough for me to get convinced by a friend who recently had it to convince me it was possibly appendicitis. Ultrasounds showed that my ovaries are covered in cysts. Some have ruptured, some haven't. My left ovary is absolutely huge because of the cysts. It's supposed to be 3cm and they told me they're concerned for torsion at 5cm. Mine is 8cm. They initially thought it was my right ovary because it's just bouncing around in there and was crossed over the front of my uterus. They think the pain is because the hemorrhagic cysts on my left ovary are filling quickly and also I may have experienced torsion but that it untied itself. The ER gyn is certain they're caused by tamoxifen as I have no history of cysts and my scans when I was diagnosed last September/October were clear. The pain is awful. Not 10/10, but certainly very uncomfortable and Tylenol doesn't alleviate it. If I'm sitting down, it can go up to a 5/10. If I'm walking, it can quickly jump to a 7 or 8. 
Next Tuesday I have a follow up with a gyn and Wednesday I have my next herceptin and perjeta infusion, so my oncology team is actually going to see me (for the first time in about two months I might add. Thanks pandemic). I did call them today to update them on the situation but they had no response yet. 
So I'm wondering if anyone else has experienced this. I know no one knows for sure what my oncology team is going to do except them, but I'm just looking for people with similar issues.",1
all-Icansay,1526101737,They all had breast cancer and increasingly younger ages. My mom was diagnosed in her mid 40‚Äôs. After two mammograms I had a biopsy today because of a small cluster of calcification. I passed out right as he finished and then I didn‚Äôt stop bleeding for 45 minutes. I‚Äôm feeling a bunch of emotions that I‚Äôm having trouble dealing with. What helped you until you got the results? They said probably Tuesday.,0
hahlisa,1550593226,"Hey everyone,

I do not have breast cancer but I didn‚Äôt know a better place to ask this.
About a year ago now I had a non cancerous tumor removed (it grew twice it‚Äôs size within half a year aka why it was removed). 
The surgery went well and I have a scar along half of my nipple from it.

I‚Äôve been having a lot of pain, weird sensations and a feeling like blood is running out of it when it‚Äôs not lately. It‚Äôs probably nothing but I was wondering if any people who had breast surgery have had similar experiences.
",0
Craftie_Fox,1601903912,Got my mammogram results the other day. There is an area but possibly benign. Over the weekend my husband and I felt a lump in my right breast where I had cancer before. I really want to get a biopsy done because last time they said possibly a clogged milk duct.,1
mmd0919,1564458272,"Hello everyone!

My mom recently had her mastectomy after being diagnosed with Stage 1 Breast Cancer (HER2). 

At first she was finally calm and taking everything one day at a time when her pathology came back negative for cancer. But because the size of the cancerous cell were a certain size, it was finally diagnosed to be Stage 2. The doctors are recommending for her to do chemo for prevention. She will be taking the following:

Pertuzumab
Trastuzumab
Carboplatin
Docetaxel 

Right now, her fears are coming up again. The Latinx community has a lot of misconceptions and fears about cancer because of lack of resources and education. She gets more afraid especially because when speaking with doctors there is a language barrier.

From talking to her, her worst fear is that cancer will come back. She started doing research about the chemo, and it makes her afraid that while reading things like ‚Äúgives 5 years of chance of survival‚Äù come up. 

Can y‚Äôall let me know what y‚Äôalls experiences were like and what to expect?",0
luroufan123,1538840344,Asking for my fiancee. the wait is torture. ,0
MariNat0,1559581984,"Hi everyone I hope I can make this post here, my name is Mariana. I‚Äôm a Master student on Design, from Faculdade de Arquitetura, University of Lisbon. I‚Äôm currently doing a study for my master thesis on women that suffer or have suffered hair loss realated with oncological treatments. The objective of these questionnaires is to understand what are the problems that woman face each day regarding this topic and help them face their challenges.   


**There are 2 different questionnaires** (**15min** each, but you only need to do one)

\- First, for woman that are doing treatments, (without hair):  [Link1](https://forms.gle/n2aPuyu992AqX8Wq9) 

\- Second, for woman that are passed treatment, (With hair):  [Link2](https://forms.gle/UQJ3Qv273QgbHc2C6)   


Thank you for collaboration, had I hope the best for all of you.",0
Danceswithdragons20,1534694392,"I'm a 24(f). So back story: 4 years ago I changed birth control to see if it worked better for me  for the next month I had an extremely large left breast. It was red and so itchy and horribly painful. An ultrasound was done and I was told I had a few cyst and fibrocystic breast. More than likely triggered or made worse by the b.c. fast forward 3 years (last november) and my Bob is so uncomfortable and I can feel the lumps and some slight clear leaking. I visited a new gyno (I was new to the area) I explained my past and and she felt my breast and said it was cyst. I asked if something could be done about it (hello! I'm in pain. Could we drain it? Run test on it. I didn't specifically state this as I figured she would understand.) She looked at me and says ""well if you want your breast removed we can have it scheduled"". And that's when I said no I meant draining it. And basically she said there is no point as it's a fluid filled sac and might come back. 

Fast forward to January. I saw a new general practitioner. I told her what was going on. She felt around. Could feel the lumps. And sent me off for a mammogram and ultrasound. I was told that absolutely nothing was seen on the ultrasound and  nothing was seen on the mammogram. They did note that I have dense breast tissue in that breast but not in my other breast. The doc thought it was a tad odd that we could both feel lumps but nothing was gotten on the images. She said that its hormonal cysts and maybe where I was in my cycle made them go away/shrink. And I asked for a biopsy then and she said because we ""have no images of a lump that it couldn't be biopsied because they have to know what to look for"".

It's currently August. I'm freaking out. My breast is swollen and one lump hurts so bad that it is interfering with my day to day life. But now my back on my right hand side is hurting. It almost leaves me to think it's a kidney stone but it hurts in particular when I laugh, sneeze, or cough. I made the appointment last week for that but now my breast seems to be hurting and swollen. 

I want someone to actually biopsy my breast lump. I dont want them thinking that because I'm coming in with pain that I just want pain pills. Hell I dont even take tylenol. I just am so tired of my boob hurting and want someone to take me seriously and DO SOMETHING to help. And now because I've been googling and of course landed here I am an absolute wreck thinking ""the worst"".",0
A_nicksNY,1554216851,"For starters let me start off by saying hi my name is Ashley üëãüèº i have NOT been diagnosed with BC, i have no history of BC in my family apart from my great grandmother on my mother‚Äôs fathers side (but from what i gather it really doesn‚Äôt matter) but honestly i came here for advice because i have questions about lumps and bumps, what‚Äôs normal and what‚Äôs not and i feel like you ladies are so smart and the best to ask. I have lumpy breasts, my left is lumper than my right. A couple months ago i went to my primary to ask about an area i felt was lumpier than the other side, she did a nice thorough exam and told me that although it does feel lumpier that it was just normal breast tissue and that i have lumpy breasts and it‚Äôs fine that one boob is a little more lumpy than the other. You‚Äôd think at 27 i would be more knowledgeable about this stuff but i hate to say I‚Äôm not. She taught me how to do a SBE and told me every month to give them a once over. 


My problem is how do I distinguish between my normal lumps and bumps and ones that need checking? How hard is ‚Äúhard‚Äù - I‚Äôm just very confused and was wondering if you ladies could help me because I‚Äôm trying to be proactive about my breast health while also not falling down a rabbit hole every time I go over my same lumps...",0
qb2000,1586727537,Does anyone have any tips/info/tricks on how to differentiate normal lumps in your breast from a potential cancer? (esp. if you‚Äôre not sure how long it‚Äôs been there),0
247doglover,1589587452,"About how long after chemotherapy is done do they usually remove port a cath? I‚Äôm just wondering for my mom, thanks",0
LheaLou,1586876071,"I‚Äôm a 27 year old female. And I‚Äôve noticed around 4 months ago one of my Areola on my rite side had Gone a lot bigger then my left one, my nipples are still the same size it‚Äôs just the skin around it! Is this a sign of something serious, Advice please ????? ???",0
-annabel_lee-,1524407630,"Has anyone have any experience in going through breast cancer alone? 

I am basically a single mom of two young kids.  No family, no friends.   For the past couple of months my left nipple has been discharging blood.   I also have notice dimpling and a change in texture and thickness of skin.   For the last week, that breast has become swollen and hot.   

I'm terrified of going to get it checked out because if I do have something I will literally have no one to go through this with.   Any advice or even kind words would be appreciated.  ",1
andybuxx,1538245226,"My wife has had a mastectomy and is desperate to start swimming again. However she can't find a proper racer back swimming costume anywhere that she would be able to use.

The only ones she can find are ones to wear lounging about by the pool when she needs one to swim at speed (and at distance in). The prosthetic is easy to find but not the costume. She is really desperate so any help would be really appreciated.

Thank you. ",0
Yortroy,1571752165,"About three weeks ago my 52 year old wife thought she could feel a lump on her left breast. She also felt like she could not breathe at night and her lungs felt as though she had smoked which she has not done in 27 years.  That night the breathing problem got so bad she thought she was having a heart attack so we went to the ER that found nothing in the heart or lungs (basic ER scan possibly for pneumonia only is my guess) 
We scheduled a mammogram right away, that was followed by a biopsy which showed the unfortunate news that arrived last week.
At this point what we know is that they think it is  1.1 cm, invasive lobular carcinoma, 90% estrogen, and 95% progesterone. HER 2 is not back yet and is Grade 2. Staging is not revealed yet but we have an appointment with the surgeon tomorrow and she may tell us hopefully only stage 1.
She has trouble breathing every night with the same symptoms and is terrified that there has been spreading to the lungs.  There are more tests and scans to be done but in the meantime the wait and anticipation is surreal.  She recently was prescribed diazepam and then Ativan to help sleep but it seems to only mask the problem. She has never used either of those or anything like that before but does seem to help.
The reality of her fear is breaking me. I know that there is that possibility of spread, but also try to remind her that it is still early and most likely not the case. Her primary told her that was a valid concern and she is right, but the honestly just intensified the worry.
We have not reached out to any family but our adult daughters and her sister. The only people who know are my supervisor and her supervisors. She is on leave and we are going to have some financial challenges with the loss of income but I do have plenty of sick time and my supervisor is very supportive of me taking the time to be with her for all appointments and treatment. We have insurance.
My challenge is that I want to listen to every word and concern in the best way I can, and support every tiny bit of everything she is going through.  She tends to worry about the worse and when the possibility of it being spread to her lungs comes up I have a very hard time keeping composure. I can‚Äôt let her see how upset I am and must stay strong for her. She can‚Äôt see me crying but I am truly freaked out and can‚Äôt bear to see how scared she is. 
If i could take the cancer away and put it in me I would do that in a heartbeat for 
my best friend and partner of 25 years.
Any helpful advise would be welcome.
Thank you for reading all this.",0
TryinLikeHell,1556123678,Has anyone had their calcium deposits show up as cancer after your biopsy?,0
perexallday,1555909335,"In search of tips on what I should stock up on? I have a pill box/organizer, ice packs, mastectomy shirt (with drain pockets) and a bed wedge in my amazon cart. Anything else I may need? Thank you in advance! :) :)",0
lizrib,1600127879,"Hi all,

My sweet mom was recently diagnosed with stage one breast cancer. She opted to have a double mastectomy sometime next month. She‚Äôs almost 70 and I‚Äôm feeling very anxious about the surgery. I‚Äôm also struggling with how I can be there for her at this time - I don‚Äôt live with her, although she lives a 10 minute walk from me. We see each other outside (and masked) frequently.

Does anyone have any recommendations on how I can help her during recovery? I am trying to be as strong for her as possible, I can‚Äôt even imagine how scary this must be. 

Thank you all so much.",0
triniaries,1530803131,"Diagnosed Monday. 2.5cm. No staging until after surgery. Ultrasound said nothing in lymph nodes but the skin has darkened in my armpits and now I'm afraid I'm feeling pain in my chest wall.

I am so so scared. What do  I do? My surgeon appt isn't until Monday.",1
CancerSurvivorship,1535626229,"Hello,

We are currently looking for people to take part in our research study on cancer survivorship and the emotional impact that cancer can have.

Receiving a cancer diagnosis is a huge event in anyone‚Äôs life. Some people cope well emotionally, whilst others find it a distressing time. We believe that at such a difficult time, everyone deserves the best possible support. Our research study will compare those who are coping well with cancer, against those who are struggling. By studying the psychology of coping with cancer, we can create information and support systems to benefit everyone. To do this work, we need your help.

Anyone over 16 years of age who has been diagnosed in the last 12 months can take part. However, if you've been told that the cancer is Stage 4, palliative or terminal, then I'm afraid you can't take part.

If you decide to take part we will ask you to complete an online questionnaire now, and then (if you‚Äôre willing to do so) again every three months for a total time period of two years. The questionnaire should only take around 20-30 minutes to complete, but you can take as long as you need. The questionnaire will include questions about your experiences and how this impacted your life. Some of the questions will ask about current mood, general coping strategies used, and quality of life. If there is a chance that this could be distressing, there is no obligation to take part and there is always the option to stop the questionnaire at any time. Any answers you give within the questionnaire are completely confidential and anonymous.

If you would like to take part, please click the following link. This will take you to the survey and study information sheet.

Link: [http://www.domystudy.com/survey/index.php/841983?lang=en](http://www.domystudy.com/survey/index.php/841983?lang=en)

As a thank you for your time, we will enter you into a prize draw where you could win a ¬£50 Amazon voucher, or even an iPad Mini.

Thank you,

Rosie

This study is a collaboration between researchers at the University of Chester, University of Edinburgh, University of Sydney, McGill University and CanTeen. The Principal Investigator is Prof Nick Hulbert-Williams at the University of Chester.",0
VelvetRabbit91,1566599297,"I was watching the nurse go over my breasts and on one she went over it multiple times before taking a couple of pictures. I didn‚Äôt see anything weird. Then she went over the other breast and immediately I saw a dark circle and she took many pictures of it and measured it. 
She said since I‚Äôm ‚Äúyoung‚Äù (27) that they do ultrasounds first and mammograms if necessary. 
She went and showed the doctor the pictures she took and then came back and said I could get dressed and leave and wait for his phone call in a few days. 
I‚Äôm just so concerned and confused. Like, is not needing a mammogram a good thing or do they already know what it is and that‚Äôs why they didn‚Äôt need more testing? I just wanna know, tell me your honest opinion. I can handle the truth. 
My breast have no discoloration or rashes. Some places are tender or hurt if I press kinda hard but that‚Äôs it. 
I just wanna prepare myself for anything.",0
Guardian-117,1487716087,"I need some advice. My mother is starting chemotherapy this week for triple negative breast cancer and I am looking for some suggestions on what I can get her to help her through. We have basic things like hats, lip balm, movies, scarfs and what not. Looking for ideas from people who have been through it and know what you really need. All ideas are appreciated! Also what can I do besides gifts that would be helpful. I figured I'll cook meals when I can, take care of the dogs, clean the house, do grocery shopping. Any other ideas? Thanks again!",0
Niccolo_the_great,1522765962,"I need help, I need to take action as soon as I can. A lot of people is achieving complete remission these days. How can I save my mom? How can I save a life? I can't afford to lose this one precious soul, I will fight for it. Her cancer has metastesized to her bones (spine and skull) and some on her liver. She takes perjeta as her palliatative chemotherapy. For all those happy survivors out there, I cry for help. What worked for you? Pls help

After chemo, my mom started having a tingling pain on her skull which didn't occur before until she had chemo. Would that be a sign that the cancer is reacting to the treatment? Need help

The things I'm teaching her right now is to cut sugar, drink only alkaline water, lots of vegetables, no processed food, graviola tea, turmeric, hot water with lemon. 
I also wanted her to take on heavy supplements, also a lot of Vitamin C. But her doctor said no vitamin C, doctor didn't even explain why. Other things that works?",0
BadAssMom2019,1549271377,"MRI for slipped disc showed sclerotic changes in my bones. The biopsies came back negative for cancer, but a follow-up PET scan shows more lesions. Next stop: chemo and tamoxifen. Feeling a bit fraught. Just launched a new legal consultancy, and my boys are 13, 16 and 19 years old...",0
Lauren12269,1585177565,"Hey, this is my first post so let‚Äôs not be brutal. My name is Lauren 37 F, I have metastatic breast cancer. I just completed my 3rd round of chemo and I had my pet scan on Monday. I have to wait until Friday to find out the results and plan the next stage of treatment with my oncologist. I always wear my lucky underwear to get my pet scan results and so far it hasn‚Äôt proved me wrong. Upon diagnosis my breast cancer had moved onto several other locations but since chemo started every place has become smaller and/or less cancerous. I understand I may not get good news, but I‚Äôm truly hoping for some. I don‚Äôt have any questions but maybe people could send some good wishes my way. I know things are spooky and everyone has a lot to worry about. I appreciate the read and just knowing that I‚Äôm not alone helps very much. ‚òòÔ∏èü©≤",1
BootsAndASweater,1597938134,Hi everyone! I'm currently sitting in infusion getting my first round of kadcycla. Has anyone else had experiences with this? What were your side effects like?,1
Beating-Gatsby,1578690495,"Hi, I‚Äôm Enette and I‚Äôm a 38 year old Saffa living in England. It‚Äôs not really me to do this as I‚Äôm more the private type but I wanted to share my story.

I come from a very remote part of South Africa called Brandvlei, a farming community and my family are sheep farmers. I‚Äôve lived in the UK for 14 years. 

I now work in Finance in London and live with my English partner and two wonderful young girls. 

In December 2019 I was away on my families farm and noticed a lump in my right breast, turns out I have stage 2, grade 3 triple negative breast cancer that has spread to one lymph node. Following the heart breaking news on the 23rd of December we decided to have a great Christmas and tackle this head on in 2020! We kept it quiet from our loved ones, with hindsight I don‚Äôt think I‚Äôll ever know if that was the right thing to do...

Anyone that‚Äôs been through this will know how hard it is to tell family and children, especially when your parents and siblings are in different countries. This was no different and one of the hardest things I have ever had to do. To lift spirits and start the fight against Gatsby my partner Mark moved a trip to NYC forward and we went off to have an incredible 4 days in a cold but fun packed City on the 2nd of January 2020. I hope one day I will look back on that and truly realize that was when I decided to beat it. 

I now have 16 chemo sessions to do, followed by a possible operation and then radiotherapy. Day one was the 9th of January 2020 and it‚Äôs been a slightly outer body experience so far. What I mean by this is, well,  it‚Äôs been too easy... I feel naive as I know there are darker days ahead. 

For today though, I‚Äôll take the good days and cross the bridge on the dark days. 

Gatsby by the way is a name we gave CANCER. Read it and say it out loud, cancer. Makes you feel slightly cold and most people look at the floor in this almost child like awkwardness... cancer .. they assume you‚Äôre dying or dead. Well, I choose life, I choose to fight, I chose my favorite decade from the Twentieth Century, the 20‚Äôs. If I‚Äôd live in a decade that‚Äôs one I‚Äôd have loved to have experienced. 

As we found out I had cancer, we were ending a year, a decade and starting the 20‚Äôs. Gatsby seems a fitting name.

Follow me to hear about my fight against Gatsby and share stories, the good ones and not so good ones. I‚Äôd love to hear your story too.

Thank you for reading.
Enette, the Gatsby Beater !",1
random1832,1549517806,"hi everyone, i‚Äôve been worried about a lump in both my breasts that i noticed around 7 years ago (i‚Äôm now 17). 
i got it checked by a doctor then and he told me my breasts were just growing. i came back several months ago because it didn‚Äôt seem to get better over the years and he told me the same thing. 
my breasts do have an odd shape but it doesn‚Äôt look ‚Äúunhealthy‚Äù, i‚Äôve seen women with breasts the same shape. what worry me are the lumps, their texture and how big they are (they‚Äôre in a ‚Äúspaceship‚Äù shape, taking up almost my whole breast and i can ‚Äúmove it around‚Äù with my fingers and actually pinch it and sort of hold it). 
it‚Äôs painful sometimes. 

what do you think? i trust my doctor but getting him to check it doesn‚Äôt relieve me because it doesn‚Äôt seem to be getting better. thanks in advance!",0
sanay9090,1581788177,"So I‚Äôve had this rash on my left breast that I‚Äôve had checked multiple times. First my GP and then a female surgeon, got my ultrasound done two times and nothing showed up. 

Radiologist said that it‚Äôs just a pimple on the surface and not on your tissues, it‚Äôll go away on its own. I should apply some healing ointments and it should go away .

Should I be worried?",0
Salvadorcat,1596005023,"I'm sure this has been discussed numerous times here, but I'm really tired of looking like a cancer patient. I don't mean it in a negative way, just that the only thing people see when they look at me is ""oh, she has cancer"". I have chemo-induced hair loss and I've opted not to have a wig. I am comfortable with my choice, but I just feel branded when I go outside. Granted, I am not leaving my house much with the pandemic, but when I go for walks or drive around people stare. One time on my walk someone asked if they should be praying for me. I just miss my normal life. I'm 26 years old. I want to enjoy my youth. Instead I have to endure this, with a pandemic on top of it all. When I look in the mirror I don't see someone I recognize. I miss brushing my hair, getting my eyebrows threaded, putting on mascara, feeling pretty. I feel like I'm forever marked as the girl who got breast cancer at a young age. I don't want it to define my life, but I'm sure it will. I am mourning for who I was before my diagnosis and trying to come to terms with the new me - bald, no eyebrows, no eyelashes, pale, anemic, exhausted. I know I'm in a transition phase and this state isn't forever, but I'll never be who I was before.

This post is just to vent about my thoughts and share my feelings with others who have gone through this or are going through this.",1
veedey,1598646057,"I'm a 25 year old male. One year ago a red bump, the same as a small bug bite, showed up on the left side of my chest. Persistent and not going away. Strange. Few months later I had a biopsy and it showed benign inflammation, but my dermatologist has no idea what it is. It did not go away on its own, so we tried topical steroids which did nothing, and then a steroid injection which somewhat flattened the bump, but it's still there. It's not growing above or below the skin. It's just...there. It slightly hurts every once in a while, sometimes because I poke the s\*\*\* out of it making sure it's not growing. My doctor wants to wait a few more months to see how it progresses, and then try injecting it again with a steroid. After that, another biopsy if needed. 

Has anyone else ever dealt with something like this? Are benign inconclusive bumps like this at all common? And is there a chance that something like this could become malignant over time? The internet is the worst place to look for answers. The only piece of information I've been able to find about chest bumps that ""resemble bug bites"" is inflammatory breast cancer, which I know is already super rare in women, and even more so in men. Still, it's really not fun to read that when you're already anxious about your health. Thanks in advance for your advice.",0
2MuchWineTonight,1593438448,"Has any of you bought the shower shirt so you can shower post mastectomy? My surgeons have told me ""no showering"" until the drains are out but, um, that's gross. 

What are your thoughts on it? Pros and cons? 

Let me know! Thanks!!",0
losingmymind82,1594573916,"So, I am recently diagnosed with DCIS at 36 years old.  I am in the process of waiting for genetic testing. My mother has had DCIS twice now, once in each breast. She has also had a carcinoma. My doctors are pushing me to do the lumpectomy and radiation now, which I‚Äôm hesitant to do. I don‚Äôt want to potentially set myself up for 2 surgeries should the genetic testing indicate a mastectomy would be best. Also, I know of 2 women who did the lumpectomy and radiation. They both had a recurrence in the same breast years later, and had to get a mastectomy. Both of these women aren‚Äôt able to have reconstruction done due to damage to their skin from the previous radiation. Is this a more common thing or rare? If I was to ever have a recurrence I would absolutely want reconstruction, and this is really holding me back from doing the lumpectomy/radiation. My current oncologist just kind of acknowledged that can happen, and started talking about the lumpectomy again. I have an appointment set for the 20th for a second opinion at one of the best cancer centers in my area. But I wanted to hear from people who have maybe been down this road, as I‚Äôm finding doctors sometimes downplay my concerns.",1
MaryjaneFelder,1596372791,"[https://www.ncbi.nlm.nih.gov/pmc/articles/PMC4880962/](https://www.ncbi.nlm.nih.gov/pmc/articles/PMC4880962/)   


Disclaimer: I'm not a medical professional, nor a chemist. I'm just another BC fighter who happens to have the hobby of researching random stuff online.  If it's a topic that's important for me or my family, that's where I dive so deep I need to leave a trail of bread crumbs to find my way back. I found this during one of those deep dives.

Wound care is important, but we also want it to heal fast and hopefully minimize scaring. I think I found something that might help y'all with that. It did me good. 

I stumbled across this last year before my DMX.  I had always though that essential oils for actual medical purposes was a load of crap (still think most are).  Note this is not some pseudo-science crap, this is straight from National Institute of Health (USA), a study THEY did.   


Long story short, they took a bunch of rats and made identical incisions in each. 'Control' group was those that received standard wound care. The 2nd group received no care. The 3rd group had pure lavender oil used on the wound.  If you want to dive into the study yourself (find an online medical dictionary if you're not a professional) the link is at the top of this post.

  


[Easy to see which ones healed the quickest.](https://preview.redd.it/gz02ugd5vke51.jpg?width=567&amp;format=pjpg&amp;auto=webp&amp;s=203a2ca0ea7b2b2793a12685bda98379c5019213)

I mentioned this to my CNP and Surgeon and asked if they had heard of it. (didn't have a smart phone to dig it up at the time). When the surgeon started in on a 'Dr Google' joke I interrupted him and said 'It's on the NIH site you can find it yourself'. (this was last year, before he learned not to crack that joke at me). Now my hospitals have an app where I can send links like this directly to my CNP and/or surgeon.   


I figured if it did so good for the rats with a tiny cut, it might do me a bit of good (if nothing else help me relax, eh?). I use coconut oil as a moisturizer after showers because the skin soaks it up like a sponge (great for so many uses besides cooking). Along with the standard wound care I started using a mixture of 1/4 cup coconut oil with 5-6 drops of lavender oil (stir well) I got from our local pharmacy; Not food grade lavender oil, just plain old essential oil (about $8 for a tiny bottle here). I use a small glass jar like what pre-diced garlic comes in. Just scooped enough to cover my finger tips, smeared exclusively on the DMX incisions at first, shower every day and damn I was getting results! Especially after the skin glue came off! Even the surgeon was surprised at the 2 week checkup. 6 wks checkup he was shocked at how nice and clean the area looked and how well it healed. He actually looked it up then. 'Dr Google' my ass :P   


Note that it didn't help much with the itchy as the wound heals, for that I use an antibiotic ointment with numbing. I'm trying to figure out how I can mix the lavender oil with numbing antibiotic ointment, not sure of what ratio to use, maybe a drop or two per teaspoon? Waiting to find a small enough glass jar to try it. (I'll update if I can pull it off and let y'all know those results, IMO it's an experiment worth trying.)  


My arms always have some kind of scratches on them. We have 3 cats (none of which like me too much, except when I'm feeding them) and 2 dogs who seriously need nails clipped and I'm too paranoid to do it. While the cats scratch maliciously the dogs do it on accident, especially my pup Canis, he gets a little excited while we're playing lol.  When using the coconut/lavender mix on my arms and the scratches heal in a few days instead of a week or more. Doesn't stop more scratches from coming lol, but at least my arms don't look as bad as they used to.  Any extra on my hands I put on my face and throat... IDK if it helps with wrinkles lol but it sure feels nice and smells so good! Sometimes after a bath I'll splurge and use that for all over moisturizer instead of the regular plain coconut oil, esp if I'm showering before bedtime. I've also noticed over the past year using that my skin's texture is changing for the better and older scars are fading slightly. I've even gotten my guys to daub a little on cuts and they heal a bit faster, long as I can get them to do it every day for 3 or 4 days. My younger sister gets keloid scars even from a tiny scratch. She promised she would try it next time to see if it helps with healing, maybe it'll minimize the bump. (If y'all want I'll update and let you know how it worked for her).   


I've seen some beautiful tattoo work used to cover DMX scars and want to go that route. My oldest son does tattooing, but won't touch scars because they can be tough (understandable, too bad I wanted him to do the work). Most tattoo artists that do want you to wait at least 12-18 mo post op. 8 mo after DMX I asked him to check and he said it was almost ready. at 10 mo post op he said he thought it would handle it.  I should have had him at least do the outline work before this last surgery. Now I've got to wait longer :(   


Note that coconut oil is a soft solid at room temp (25¬∞C/75¬∞F) and melts at body temp (37¬∞C/97¬∞F) so once you scoop it out of the jar be quick about putting it on. I don't store it in the bathroom where it always gets hot and steamy (fridge it will get really hard) And I always use the small glass jars to mix/store it in, not plastic or tupperware.  I don't just use it after bath, i'll use it anytime I think about it, at least once a day. Don't wipe it off like you would using just the plain oil. Leave it on (unless you've got sticky bandages to put on, then wipe those areas. but try your best to leave it directly on the incision). Oh and keep it away from dogs. They love to lick coconut oil as much as peanut butter, but I've read that lavender can be toxic to dogs. Don't think it bothers cats, I didn't look tbh.  


Hope this helps someone out as much as it helped me. We're all fighting this same war in our own way and we need every weapon in our arsenal we can scrounge up.",1
CBoneThrowaway,1596867621,"Hi all. So a couple of weeks ago, I noticed what feels like a lump underneath my left breast. It‚Äôs decreased in size since and I can only feel it when I lie flat on my back. Maybe it was always there and I‚Äôm just noticing it because I‚Äôm hypochondriac but I notice it now... Should I be concerned? I‚Äôm freaking out like crazy because I have a history of breast cancer in my family but at the same time it‚Äôs not actually in my breast. It‚Äôs in that area that people sometimes put deodorant on and get rashes on. See below pic for reference. 


https://imgur.com/gallery/u2OFUUa",0
itsveronica98,1548688558,Vote to #GiveKidsKesem at UNCW. CK provides a free week of summer camp for children affected by a parents cancer. Vote daily from Jan 28-Feb 2 at vote.campkesem.org. VOTE FOR UNCW. Thank you.,0
emmanoir,1589316929,"24/f - So I‚Äôm honestly just really confused at this point. I went to an immediate care for a lump I found at the 3 o‚Äôclock position on my left breast. It‚Äôs almost like sore, but not painful. The doctor at the immediate care felt the lump, and sent me for an ultrasound at the breast health center. Seemed like it was serious based on her demeanor. I went for the ultrasound the next day (today). The tech felt the lump and even described it as ‚Äúa large one, with a little one on top of it.‚Äù Took some pictures, and left for the radiologist. They both come back in, the radiologist does a physical exam and looks around with the u/s. Comments on how skinny I am, and says she sees NOTHING. Not one thing. Says the pain is something about weight loss, my chest wall, and muscles. Refuses to give me a mammogram (I asked). Signs me off as BI-RADS 1 or 2 and sends me on my way. Fast forward to two hours later - the original doctor who sent me for the u/s calls, and says she doesn‚Äôt agree with the results. That she knows what she felt and it makes no sense for there to just be nothing. She is referring me to a breast surgeon tomorrow morning for hopefully an MRI. I‚Äôm exhausted with worry, and beyond confused right now. Has anyone had this happen? What can I expect..? Thanks in advance.",0
deskhobbit,1572483615,"56 days ago I found a lump in my breast accompanied with bloody nipple discharge. I went to have it looked at and received a referral to the breast care center. Did a mammogram and it was inconclusive, had an ultra sound also inconclusive. Thursday I had an MRI done, results came back today that there is a concerning lesion so now I need to have a biopsy done.

I hate waiting, it already feels like it‚Äôs been forever. I just want some answers. I don‚Äôt even know what concerning lesion means, the doc just left me a voicemail. I have so many questions. I‚Äôve also never had a biopsy on anything so that terrifying as well.  Google has me wanting to write my will.",0
johair36,1597685551,"Hello lovely ladies....I found out I'm stage 2 idc breast cancer hormone receptive her2 negative..
I'm having an MRI scan Wednesday then will work out a treatment plan. I'm so sorry to sound stupid but I keep thinking its spread to my spine.i cannot get the idea out of my head. I get upper back ache. I'm very aware of it...it could be tension plus I'm a hairdresser of 22 years I stoop.... could it be in my bones already?x",1